Workbook

Sheet Cloud System
B3: Company Code | C3: G/L Account | D3: Ending Balance - August 2019 (AUD) | E3: Lookup Code | F3: Legacy Ending Balance (AUD) | G3: Variance (Legacy - Cloud) | H3: Reconciled?
B4: 2000 | C4: 602000 | D4: 918278.42 | E4: =B4&C4 -> 2000602000 | F4: =IFERROR(VLOOKUP(E4,'Legacy Data'!$C$2:$D$1702,2,FALSE()),"No legacy match") -> 918278.42 | G4: =IFERROR(F4-D4,"N/A") -> 0 | H4: =IF(ISNUMBER(G4),IF(G4=0,"Match","Variance"),"Check") -> Match
B5: 2000 | C5: 602003 | D5: 631.22 | E5: =B5&C5 -> 2000602003 | F5: =IFERROR(VLOOKUP(E5,'Legacy Data'!$C$2:$D$1702,2,FALSE()),"No legacy match") -> 631.22 | G5: =IFERROR(F5-D5,"N/A") -> 0 | H5: =IF(ISNUMBER(G5),IF(G5=0,"Match","Variance"),"Check") -> Match
B6: 2000 | C6: 602004 | D6: 2213.78 | E6: =B6&C6 -> 2000602004 | F6: =IFERROR(VLOOKUP(E6,'Legacy Data'!$C$2:$D$1702,2,FALSE()),"No legacy match") -> 2213.78 | G6: =IFERROR(F6-D6,"N/A") -> 0 | H6: =IF(ISNUMBER(G6),IF(G6=0,"Match","Variance"),"Check") -> Match
B7: 2000 | C7: 602005 | D7: 2923.84 | E7: =B7&C7 -> 2000602005 | F7: =IFERROR(VLOOKUP(E7,'Legacy Data'!$C$2:$D$1702,2,FALSE()),"No legacy match") -> 2923.84 | G7: =IFERROR(F7-D7,"N/A") -> 0 | H7: =IF(ISNUMBER(G7),IF(G7=0,"Match","Variance"),"Check") -> Match
B8: 2000 | C8: 602010 | D8: 105048.2 | E8: =B8&C8 -> 2000602010 | F8: =IFERROR(VLOOKUP(E8,'Legacy Data'!$C$2:$D$1702,2,FALSE()),"No legacy match") -> 105048.2 | G8: =IFERROR(F8-D8,"N/A") -> 0 | H8: =IF(ISNUMBER(G8),IF(G8=0,"Match","Variance"),"Check") -> Match
B9: 2000 | C9: 602020 | D9: 22159.25 | E9: =B9&C9 -> 2000602020 | F9: =IFERROR(VLOOKUP(E9,'Legacy Data'!$C$2:$D$1702,2,FALSE()),"No legacy match") -> 22159.25 | G9: =IFERROR(F9-D9,"N/A") -> 0 | H9: =IF(ISNUMBER(G9),IF(G9=0,"Match","Variance"),"Check") -> Match
B10: 2000 | C10: 602030 | D10: 34521.73 | E10: =B10&C10 -> 2000602030 | F10: =IFERROR(VLOOKUP(E10,'Legacy Data'!$C$2:$D$1702,2,FALSE()),"No legacy match") -> 34521.73 | G10: =IFERROR(F10-D10,"N/A") -> 0 | H10: =IF(ISNUMBER(G10),IF(G10=0,"Match","Variance"),"Check") -> Match
B11: 2000 | C11: 602070 | D11: 187.5 | E11: =B11&C11 -> 2000602070 | F11: =IFERROR(VLOOKUP(E11,'Legacy Data'!$C$2:$D$1702,2,FALSE()),"No legacy match") -> 187.5 | G11: =IFERROR(F11-D11,"N/A") -> 0 | H11: =IF(ISNUMBER(G11),IF(G11=0,"Match","Variance"),"Check") -> Match
B12: 2000 | C12: 602072 | D12: 53794.86 | E12: =B12&C12 -> 2000602072 | F12: =IFERROR(VLOOKUP(E12,'Legacy Data'!$C$2:$D$1702,2,FALSE()),"No legacy match") -> 53794.86 | G12: =IFERROR(F12-D12,"N/A") -> 0 | H12: =IF(ISNUMBER(G12),IF(G12=0,"Match","Variance"),"Check") -> Match
B13: 2000 | C13: 603000 | D13: 101680.73 | E13: =B13&C13 -> 2000603000 | F13: =IFERROR(VLOOKUP(E13,'Legacy Data'!$C$2:$D$1702,2,FALSE()),"No legacy match") -> 101680.73 | G13: =IFERROR(F13-D13,"N/A") -> 0 | H13: =IF(ISNUMBER(G13),IF(G13=0,"Match","Variance"),"Check") -> Match
B14: 2000 | C14: 910003 | D14: 0 | E14: =B14&C14 -> 2000910003 | F14: =IFERROR(VLOOKUP(E14,'Legacy Data'!$C$2:$D$1702,2,FALSE()),"No legacy match") -> 0 | G14: =IFERROR(F14-D14,"N/A") -> 0 | H14: =IF(ISNUMBER(G14),IF(G14=0,"Match","Variance"),"Check") -> Match
B15: 2000 | C15: 604040 | D15: 428 | E15: =B15&C15 -> 2000604040 | F15: =IFERROR(VLOOKUP(E15,'Legacy Data'!$C$2:$D$1702,2,FALSE()),"No legacy match") -> 428 | G15: =IFERROR(F15-D15,"N/A") -> 0 | H15: =IF(ISNUMBER(G15),IF(G15=0,"Match","Variance"),"Check") -> Match
... B492: 5510 | C492: 620020 | D492: 514060.13 | E492: =B492&C492 -> 5510620020 | F492: =IFERROR(VLOOKUP(E492,'Legacy Data'!$C$2:$D$1702,2,FALSE()),"No legacy match") -> 514060.13 | G492: =IFERROR(F492-D492,"N/A") -> 0 | H492: =IF(ISNUMBER(G492),IF(G492=0,"Match","Variance"),"Check") -> Match
B494: Reconciliation Summary
B495: Total line items checked: | D495: =COUNTA(D4:D492) -> 489
B496: Items matched (variance = 0): | D496: =COUNTIF(H4:H492,"Match") -> 489
B497: Items with variance: | D497: =COUNTIF(H4:H492,"Variance") -> 0
B498: Items with no legacy match: | D498: =COUNTIF(H4:H492,"Check") -> 0
B499: Total absolute variance (AUD): | D499: =SUMPRODUCT(--ISNUMBER(G4:G492),ABS(IF(ISNUMBER(G4:G492),G4:G492,0))) -> 0
B500: Conclusion: | D500: =IF(AND(D497=0,D498=0),"Data reconciles - Cloud (new system) matches Legacy system","Discrepancies found - see Variance column") -> Data reconciles - Cloud (new system) matches Legacy system

Sheet Company Code Summary
B2: Opex Report Reconciliation - Summary by Company Code (August 2019)
B4: Company Code | C4: Cloud System Total (AUD) | D4: Legacy System Total (AUD) | E4: Variance (Legacy - Cloud) | F4: GL Accounts Checked | G4: Variances Found
B5: 2000 | C5: =SUMIF('Cloud System'!$B$4:$B$492,B5,'Cloud System'!$D$4:$D$492) -> 2938026.1 | D5: =SUMIF('Cloud System'!$B$4:$B$492,B5,'Cloud System'!$F$4:$F$492) -> 2938026.1 | E5: =D5-C5 -> 0 | F5: =COUNTIF('Cloud System'!$B$4:$B$492,B5) -> 28 | G5: =COUNTIFS('Cloud System'!$B$4:$B$492,B5,'Cloud System'!$H$4:$H$492,"Variance") -> 0
B6: 2200 | C6: =SUMIF('Cloud System'!$B$4:$B$492,B6,'Cloud System'!$D$4:$D$492) -> 52.59 | D6: =SUMIF('Cloud System'!$B$4:$B$492,B6,'Cloud System'!$F$4:$F$492) -> 52.59 | E6: =D6-C6 -> 0 | F6: =COUNTIF('Cloud System'!$B$4:$B$492,B6) -> 1 | G6: =COUNTIFS('Cloud System'!$B$4:$B$492,B6,'Cloud System'!$H$4:$H$492,"Variance") -> 0
B7: 2500 | C7: =SUMIF('Cloud System'!$B$4:$B$492,B7,'Cloud System'!$D$4:$D$492) -> 107988.76 | D7: =SUMIF('Cloud System'!$B$4:$B$492,B7,'Cloud System'!$F$4:$F$492) -> 107988.76 | E7: =D7-C7 -> 0 | F7: =COUNTIF('Cloud System'!$B$4:$B$492,B7) -> 3 | G7: =COUNTIFS('Cloud System'!$B$4:$B$492,B7,'Cloud System'!$H$4:$H$492,"Variance") -> 0
B8: 3100 | C8: =SUMIF('Cloud System'!$B$4:$B$492,B8,'Cloud System'!$D$4:$D$492) -> 99088117 | D8: =SUMIF('Cloud System'!$B$4:$B$492,B8,'Cloud System'!$F$4:$F$492) -> 99088117 | E8: =D8-C8 -> 0 | F8: =COUNTIF('Cloud System'!$B$4:$B$492,B8) -> 54 | G8: =COUNTIFS('Cloud System'!$B$4:$B$492,B8,'Cloud System'!$H$4:$H$492,"Variance") -> 0
B9: 3150 | C9: =SUMIF('Cloud System'!$B$4:$B$492,B9,'Cloud System'!$D$4:$D$492) -> 14834664 | D9: =SUMIF('Cloud System'!$B$4:$B$492,B9,'Cloud System'!$F$4:$F$492) -> 14834664 | E9: =D9-C9 -> 0 | F9: =COUNTIF('Cloud System'!$B$4:$B$492,B9) -> 28 | G9: =COUNTIFS('Cloud System'!$B$4:$B$492,B9,'Cloud System'!$H$4:$H$492,"Variance") -> 0
B10: 3200 | C10: =SUMIF('Cloud System'!$B$4:$B$492,B10,'Cloud System'!$D$4:$D$492) -> 1.2285012e+08 | D10: =SUMIF('Cloud System'!$B$4:$B$492,B10,'Cloud System'!$F$4:$F$492) -> 1.2285012e+08 | E10: =D10-C10 -> 0 | F10: =COUNTIF('Cloud System'!$B$4:$B$492,B10) -> 44 | G10: =COUNTIFS('Cloud System'!$B$4:$B$492,B10,'Cloud System'!$H$4:$H$492,"Variance") -> 0
B11: 3300 | C11: =SUMIF('Cloud System'!$B$4:$B$492,B11,'Cloud System'!$D$4:$D$492) -> 1.873738e+08 | D11: =SUMIF('Cloud System'!$B$4:$B$492,B11,'Cloud System'!$F$4:$F$492) -> 1.873738e+08 | E11: =D11-C11 -> 0 | F11: =COUNTIF('Cloud System'!$B$4:$B$492,B11) -> 57 | G11: =COUNTIFS('Cloud System'!$B$4:$B$492,B11,'Cloud System'!$H$4:$H$492,"Variance") -> 0
B12: 3320 | C12: =SUMIF('Cloud System'!$B$4:$B$492,B12,'Cloud System'!$D$4:$D$492) -> 110 | D12: =SUMIF('Cloud System'!$B$4:$B$492,B12,'Cloud System'!$F$4:$F$492) -> 110 | E12: =D12-C12 -> 0 | F12: =COUNTIF('Cloud System'!$B$4:$B$492,B12) -> 1 | G12: =COUNTIFS('Cloud System'!$B$4:$B$492,B12,'Cloud System'!$H$4:$H$492,"Variance") -> 0
B13: 3420 | C13: =SUMIF('Cloud System'!$B$4:$B$492,B13,'Cloud System'!$D$4:$D$492) -> 10345790 | D13: =SUMIF('Cloud System'!$B$4:$B$492,B13,'Cloud System'!$F$4:$F$492) -> 10345790 | E13: =D13-C13 -> 0 | F13: =COUNTIF('Cloud System'!$B$4:$B$492,B13) -> 37 | G13: =COUNTIFS('Cloud System'!$B$4:$B$492,B13,'Cloud System'!$H$4:$H$492,"Variance") -> 0
B14: 3440 | C14: =SUMIF('Cloud System'!$B$4:$B$492,B14,'Cloud System'!$D$4:$D$492) -> 1793758.8 | D14: =SUMIF('Cloud System'!$B$4:$B$492,B14,'Cloud System'!$F$4:$F$492) -> 1793758.8 | E14: =D14-C14 -> 0 | F14: =COUNTIF('Cloud System'!$B$4:$B$492,B14) -> 25 | G14: =COUNTIFS('Cloud System'!$B$4:$B$492,B14,'Cloud System'!$H$4:$H$492,"Variance") -> 0
B15: 3470 | C15: =SUMIF('Cloud System'!$B$4:$B$492,B15,'Cloud System'!$D$4:$D$492) -> 2.4497854e+08 | D15: =SUMIF('Cloud System'!$B$4:$B$492,B15,'Cloud System'!$F$4:$F$492) -> 2.4497854e+08 | E15: =D15-C15 -> 0 | F15: =COUNTIF('Cloud System'!$B$4:$B$492,B15) -> 64 | G15: =COUNTIFS('Cloud System'!$B$4:$B$492,B15,'Cloud System'!$H$4:$H$492,"Variance") -> 0
B16: 3700 | C16: =SUMIF('Cloud System'!$B$4:$B$492,B16,'Cloud System'!$D$4:$D$492) -> 10700028 | D16: =SUMIF('Cloud System'!$B$4:$B$492,B16,'Cloud System'!$F$4:$F$492) -> 10700028 | E16: =D16-C16 -> 0 | F16: =COUNTIF('Cloud System'!$B$4:$B$492,B16) -> 38 | G16: =COUNTIFS('Cloud System'!$B$4:$B$492,B16,'Cloud System'!$H$4:$H$492,"Variance") -> 0
... B22: 5510 | C22: =SUMIF('Cloud System'!$B$4:$B$492,B22,'Cloud System'!$D$4:$D$492) -> 57024519 | D22: =SUMIF('Cloud System'!$B$4:$B$492,B22,'Cloud System'!$F$4:$F$492) -> 57024519 | E22: =D22-C22 -> 0 | F22: =COUNTIF('Cloud System'!$B$4:$B$492,B22) -> 44 | G22: =COUNTIFS('Cloud System'!$B$4:$B$492,B22,'Cloud System'!$H$4:$H$492,"Variance") -> 0
B23: Total | C23: =SUM(C5:C22) -> 7.6992543e+08 | D23: =SUM(D5:D22) -> 7.6992543e+08 | E23: =SUM(E5:E22) -> 0 | F23: =SUM(F5:F22) -> 489 | G23: =SUM(G5:G22) -> 0

Sheet Legacy Data
A1: Company Code | B1: G/L Account | C1: Lookup Code | D1: Ending Balance - August 2019
A2: 1650 | B2: 243000 | C2: =A2&B2 -> 1650243000 | D2: 1181874.6
A3: 1650 | B3: 243003 | C3: =A3&B3 -> 1650243003 | D3: 199515.69
A4: 1650 | B4: 243005 | C4: =A4&B4 -> 1650243005 | D4: -47984.71
A5: 1650 | B5: 300002 | C5: =A5&B5 -> 1650300002 | D5: -1
A6: 1650 | B6: 320000 | C6: =A6&B6 -> 1650320000 | D6: -1333404.6
A7: 2000 | B7: 101011 | C7: =A7&B7 -> 2000101011 | D7: -22918.48
A8: 2000 | B8: 110098 | C8: =A8&B8 -> 2000110098 | D8: 0
A9: 2000 | B9: 113000 | C9: =A9&B9 -> 2000113000 | D9: 1106474
A10: 2000 | B10: 120000 | C10: =A10&B10 -> 2000120000 | D10: 1578588.5
A11: 2000 | B11: 120040 | C11: =A11&B11 -> 2000120040 | D11: 558796.54
A12: 2000 | B12: 140002 | C12: =A12&B12 -> 2000140002 | D12: 0
A13: 2000 | B13: 160000 | C13: =A13&B13 -> 2000160000 | D13: 122735.58
... A1702: 6000 | B1702: 320000 | C1702: =A1702&B1702 -> 6000320000 | D1702: -1.1871369e+08

Sheet Charts - CC 2000 & 3420
B2: Reconciliation Results - Cloud System vs Legacy System
B3: Company Codes 2000 and 3420 (August 2019)
